state,county,checklists,totalSpSeen
AL,autauga,670,193
AL,baldwin,14482,395
AL,barbour,1456,285
AL,bibb,355,147
AL,blount,471,146
AL,bullock,2180,209
AL,butler,161,155
AL,calhoun,1328,199
AL,chambers,418,205
AL,cherokee,226,190
AL,chilton,348,149
AL,choctaw,256,165
AL,clarke,949,169
AL,clay,1158,148
AL,cleburne,284,163
AL,coffee,348,140
AL,colbert,2180,285
AL,conecuh,138,150
AL,coosa,343,164
AL,covington,804,211
AL,crenshaw,191,146
AL,cullman,491,180
AL,dale,803,170
AL,dallas,144,158
AL,dekalb,902,171
AL,elmore,2300,227
AL,escambia,234,179
AL,etowah,297,155
AL,fayette,67,143
AL,franklin,245,175
AL,geneva,458,195
AL,greene,360,150
AL,hale,1153,222
AL,henry,454,188
AL,houston,1256,191
AL,jackson,1037,224
AL,jefferson,6646,252
AL,lamar,69,134
AL,lauderdale,2438,297
AL,lawrence,910,261
AL,lee,3841,261
AL,limestone,2268,281
AL,lowndes,442,186
AL,macon,1861,207
AL,madison,13514,263
AL,marengo,1702,181
AL,marion,172,176
AL,marshall,1438,254
AL,mobile,13105,369
AL,monroe,421,174
AL,montgomery,4993,262
AL,morgan,2887,281
AL,perry,833,198
AL,pickens,136,149
AL,pike,287,153
AL,randolph,340,172
AL,russell,327,203
AL,st. clair,748,194
AL,shelby,3766,254
AL,sumter,486,196
AL,talladega,660,178
AL,tallapoosa,533,177
AL,tuscaloosa,1722,222
AL,walker,239,152
AL,washington,295,153
AL,wilcox,197,182
AL,winston,2654,186
AZ,apache,6075,334
AZ,cochise,70846,451
AZ,coconino,41932,387
AZ,gila,5669,340
AZ,graham,4158,343
AZ,greenlee,1251,258
AZ,maricopa,80925,424
AZ,mohave,17837,389
AZ,navajo,5822,311
AZ,pima,145553,445
AZ,pinal,16529,399
AZ,santa cruz,57154,425
AZ,yavapai,32723,369
AZ,yuma,7189,329
AR,arkansas,999,283
AR,ashley,621,266
AR,baxter,899,240
AR,benton,6782,317
AR,boone,827,232
AR,bradley,62,155
AR,calhoun,71,184
AR,carroll,658,218
AR,chicot,270,294
AR,clark,308,292
AR,clay,156,190
AR,cleburne,633,240
AR,cleveland,60,135
AR,columbia,805,210
AR,conway,600,247
AR,craighead,1879,288
AR,crawford,659,284
AR,crittenden,1446,299
AR,cross,213,198
AR,dallas,110,143
AR,desha,356,299
AR,drew,177,206
AR,faulkner,2708,294
AR,franklin,839,231
AR,fulton,245,194
AR,garland,1902,289
AR,grant,191,169
AR,greene,439,239
AR,hempstead,470,310
AR,hot spring,340,232
AR,howard,145,257
AR,independence,125,168
AR,izard,82,151
AR,jackson,284,164
AR,jefferson,5003,302
AR,johnson,1132,268
AR,lafayette,196,222
AR,lawrence,95,184
AR,lee,310,197
AR,lincoln,57,155
AR,little river,228,289
AR,logan,1089,269
AR,lonoke,1122,303
AR,madison,744,199
AR,marion,687,210
AR,miller,419,263
AR,mississippi,585,260
AR,monroe,663,244
AR,montgomery,1176,183
AR,nevada,51,133
AR,newton,1233,216
AR,ouachita,129,182
AR,perry,585,209
AR,phillips,336,236
AR,pike,120,181
AR,poinsett,354,252
AR,polk,619,207
AR,pope,2297,317
AR,prairie,637,284
AR,pulaski,13909,324
AR,randolph,69,140
AR,st. francis,209,197
AR,saline,3196,238
AR,scott,3292,253
AR,searcy,213,157
AR,sebastian,770,279
AR,sevier,194,213
AR,sharp,125,176
AR,stone,775,172
AR,union,278,285
AR,van buren,2996,221
AR,washington,6041,315
AR,white,1811,314
AR,woodruff,149,217
AR,yell,1808,296
CA,alameda,56031,401
CA,alpine,3073,263
CA,amador,6133,267
CA,butte,14449,309
CA,calaveras,4341,262
CA,colusa,5609,272
CA,contra costa,42665,370
CA,del norte,7537,412
CA,el dorado,10548,308
CA,fresno,13356,330
CA,glenn,4505,275
CA,humboldt,58099,466
CA,imperial,19270,409
CA,inyo,23319,415
CA,kern,44051,425
CA,kings,4477,299
CA,lake,7703,307
CA,lassen,3527,299
CA,los angeles,181311,498
CA,madera,4873,296
CA,marin,64070,488
CA,mariposa,19373,277
CA,mendocino,31923,407
CA,merced,6855,297
CA,modoc,2434,287
CA,mono,17673,365
CA,monterey,60241,490
CA,napa,8142,312
CA,nevada,9695,273
CA,orange,74076,470
CA,placer,12553,314
CA,plumas,11208,315
CA,riverside,44391,452
CA,sacramento,62436,313
CA,san benito,10859,301
CA,san bernardino,37517,438
CA,san diego,130083,520
CA,san francisco,53455,457
CA,san joaquin,12131,349
CA,san luis obispo,38785,450
CA,san mateo,67024,438
CA,santa barbara,40690,500
CA,santa clara,58688,374
CA,santa cruz,83999,425
CA,shasta,11416,313
CA,sierra,5385,280
CA,siskiyou,10967,313
CA,solano,13002,337
CA,sonoma,42697,424
CA,stanislaus,9806,304
CA,sutter,4330,265
CA,tehama,7076,285
CA,trinity,2275,260
CA,tulare,16465,332
CA,tuolumne,7981,254
CA,ventura,39720,470
CA,yolo,31939,352
CA,yuba,2781,262
CO,adams,14321,362
CO,alamosa,6164,276
CO,arapahoe,26578,355
CO,archuleta,2421,254
CO,baca,2466,335
CO,bent,2757,367
CO,boulder,55559,403
CO,chaffee,3062,281
CO,cheyenne,1394,232
CO,clear creek,3632,200
CO,conejos,667,232
CO,costilla,423,228
CO,crowley,936,310
CO,custer,1247,287
CO,delta,3192,304
CO,denver,16167,307
CO,dolores,286,196
CO,douglas,27080,376
CO,eagle,3313,253
CO,elbert,3624,263
CO,el paso,27080,403
CO,fremont,5646,326
CO,garfield,3045,242
CO,gilpin,1123,174
CO,grand,3660,246
CO,gunnison,5129,254
CO,hinsdale,839,184
CO,huerfano,1211,298
CO,jackson,3853,260
CO,jefferson,59494,373
CO,kiowa,1594,324
CO,kit carson,1519,289
CO,lake,703,213
CO,la plata,4381,303
CO,larimer,50786,409
CO,las animas,1318,290
CO,lincoln,2138,310
CO,logan,3199,338
CO,mesa,11329,330
CO,mineral,464,178
CO,moffat,2874,274
CO,montezuma,2787,270
CO,montrose,3057,278
CO,morgan,3015,332
CO,otero,2238,335
CO,ouray,1394,236
CO,park,9004,281
CO,phillips,1684,253
CO,pitkin,1466,195
CO,prowers,8844,352
CO,pueblo,8255,420
CO,rio blanco,696,229
CO,rio grande,1311,247
CO,routt,4093,274
CO,saguache,2039,237
CO,san juan,407,144
CO,san miguel,1153,233
CO,sedgwick,980,312
CO,summit,5181,234
CO,teller,2906,226
CO,washington,2039,340
CO,weld,20906,382
CO,yuma,2677,335
CT,fairfield,72282,377
CT,hartford,71142,290
CT,litchfield,36690,292
CT,middlesex,15637,317
CT,new haven,60781,386
CT,new london,23198,347
CT,tolland,17217,275
CT,windham,9126,265
DE,kent,21855,354
DE,new castle,36154,337
DE,sussex,32251,378
NA,washington,NA,NA
FL,alachua,47048,321
FL,baker,631,186
FL,bay,6292,315
FL,bradford,536,202
FL,brevard,49936,390
FL,broward,25541,340
FL,calhoun,800,182
FL,charlotte,17444,312
FL,citrus,5398,295
FL,clay,8662,240
FL,collier,48656,325
FL,columbia,1521,244
FL,miami-dade,51196,391
FL,desoto,1214,206
FL,dixie,1149,267
FL,duval,30241,362
FL,escambia,6940,356
FL,flagler,4230,285
FL,franklin,6001,329
FL,gadsden,1562,214
FL,gilchrist,566,194
FL,glades,2818,239
FL,gulf,2079,285
FL,hamilton,588,233
FL,hardee,865,200
FL,hendry,4595,261
FL,hernando,13118,312
FL,highlands,5534,266
FL,hillsborough,23051,343
FL,holmes,518,179
FL,indian river,12246,329
FL,jackson,1847,240
FL,jefferson,3290,224
FL,lafayette,382,214
FL,lake,15633,296
FL,lee,64732,322
FL,leon,27227,329
FL,levy,5295,304
FL,liberty,602,190
FL,madison,932,207
FL,manatee,11742,301
FL,marion,7674,252
FL,martin,8222,298
FL,monroe,30163,376
FL,nassau,4394,284
FL,okaloosa,6526,349
FL,okaloosa,6526,349
FL,okeechobee,3636,253
FL,orange,34232,325
FL,osceola,10155,269
FL,palm beach,44362,370
FL,pasco,22644,349
FL,pinellas,59375,394
FL,polk,22081,309
FL,putnam,1602,231
FL,st. johns,17588,320
FL,st. lucie,4816,285
FL,santa rosa,3855,332
FL,sarasota,30368,323
FL,seminole,18015,285
FL,sumter,2273,228
FL,suwannee,1211,202
FL,taylor,1276,267
FL,union,453,187
FL,volusia,17765,348
FL,wakulla,11303,336
FL,walton,2046,268
FL,washington,1444,198
GA,appling,386,163
GA,atkinson,143,118
GA,bacon,92,94
GA,baker,736,216
GA,baldwin,1161,180
GA,banks,256,150
GA,barrow,779,187
GA,bartow,6279,265
GA,ben hill,134,143
GA,berrien,581,195
GA,bibb,10487,265
GA,bleckley,1330,160
GA,brantley,395,131
GA,brooks,852,180
GA,bryan,787,241
GA,bulloch,2888,230
GA,burke,1246,235
GA,butts,2045,180
GA,calhoun,221,151
GA,camden,3792,296
GA,candler,351,145
GA,carroll,2089,206
GA,catoosa,2481,198
GA,charlton,1355,214
GA,chatham,14668,346
GA,chattahoochee,308,178
GA,chattooga,418,149
GA,cherokee,8319,229
GA,clarke,20078,258
GA,clay,491,193
GA,clayton,13590,264
GA,clinch,588,162
GA,cobb,18747,259
GA,coffee,195,144
GA,colquitt,195,157
GA,columbia,3313,200
GA,cook,389,177
GA,coweta,4633,224
GA,crawford,139,117
GA,crisp,550,173
GA,dade,406,155
GA,dawson,1677,208
GA,decatur,3220,239
GA,dekalb,20152,242
GA,dodge,223,148
GA,dooly,350,171
GA,dougherty,5269,250
GA,douglas,569,186
GA,early,526,190
GA,echols,140,128
GA,effingham,417,170
GA,elbert,399,180
GA,emanuel,491,173
GA,evans,255,163
GA,fannin,1124,187
GA,fayette,1523,199
GA,floyd,2459,252
GA,forsyth,4619,258
GA,franklin,277,151
GA,fulton,20058,248
GA,gilmer,1394,181
GA,glascock,135,119
GA,glynn,18560,353
GA,gordon,2017,236
GA,grady,456,190
GA,greene,1894,234
GA,gwinnett,14016,250
GA,habersham,514,168
GA,hall,6866,219
GA,hancock,200,139
GA,haralson,189,132
GA,harris,1073,196
GA,hart,499,196
GA,heard,224,163
GA,henry,2438,231
GA,houston,1251,205
GA,irwin,129,133
GA,jackson,1081,216
GA,jasper,906,204
GA,jeff davis,194,138
GA,jefferson,701,172
GA,jenkins,198,161
GA,johnson,247,127
GA,jones,1252,202
GA,lamar,3039,169
GA,lanier,125,141
GA,laurens,1299,220
GA,lee,1433,239
GA,liberty,2582,302
GA,lincoln,274,156
GA,long,469,170
GA,lowndes,2124,228
GA,lumpkin,532,178
GA,mcduffie,219,160
GA,mcintosh,6535,327
GA,macon,874,202
GA,madison,647,176
GA,marion,207,126
GA,meriwether,589,192
GA,miller,903,196
GA,mitchell,469,182
GA,monroe,1727,233
GA,montgomery,1211,122
GA,morgan,2274,215
GA,murray,4180,256
GA,muscogee,5219,260
GA,newton,687,201
GA,oconee,9070,230
GA,oglethorpe,2036,198
GA,paulding,631,147
GA,peach,313,153
GA,pickens,1546,180
GA,pierce,137,121
GA,pike,226,148
GA,polk,292,150
GA,pulaski,111,136
GA,putnam,676,207
GA,quitman,263,160
GA,rabun,2766,204
GA,randolph,183,141
GA,richmond,6023,265
GA,rockdale,1167,222
GA,schley,758,170
GA,screven,446,174
GA,seminole,472,188
GA,spalding,647,171
GA,stephens,243,156
GA,stewart,665,234
GA,sumter,917,197
GA,talbot,162,164
GA,taliaferro,166,132
GA,tattnall,719,189
GA,taylor,232,148
GA,telfair,318,135
GA,terrell,195,139
GA,thomas,397,166
GA,tift,1015,188
GA,toombs,414,134
GA,towns,1302,189
GA,treutlen,137,116
GA,troup,1509,236
GA,turner,1077,143
GA,twiggs,423,180
GA,union,1465,187
GA,upson,507,179
GA,walker,851,207
GA,walton,1450,218
GA,ware,453,153
GA,warren,163,130
GA,washington,878,186
GA,wayne,222,156
GA,webster,95,122
GA,wheeler,110,134
GA,white,673,160
GA,whitfield,1591,196
GA,wilcox,158,126
GA,wilkes,204,135
GA,wilkinson,136,155
GA,worth,418,150
ID,ada,33128,333
ID,adams,2515,228
ID,bannock,1851,276
ID,bear lake,471,230
ID,benewah,1905,218
ID,bingham,724,259
ID,blaine,3422,295
ID,boise,2090,237
ID,bonner,2638,267
ID,bonneville,2426,262
ID,boundary,1630,232
ID,butte,678,215
ID,camas,614,207
ID,canyon,9200,290
ID,caribou,277,212
ID,cassia,2311,258
ID,clark,343,193
ID,clearwater,550,209
ID,custer,1816,255
ID,elmore,2565,279
ID,franklin,194,193
ID,fremont,2020,291
ID,gem,676,218
ID,gooding,1301,238
ID,idaho,2076,242
ID,jefferson,2721,324
ID,jerome,327,190
ID,kootenai,5816,257
ID,latah,16749,265
ID,lemhi,3065,246
ID,lewis,237,167
ID,lincoln,129,147
ID,madison,1139,251
ID,minidoka,616,234
ID,nez perce,4523,278
ID,oneida,470,198
ID,owyhee,4548,276
ID,payette,790,196
ID,power,842,269
ID,shoshone,1316,210
ID,teton,1091,202
ID,twin falls,3199,279
ID,valley,5043,264
ID,washington,552,215
IL,adams,1447,257
IL,alexander,1382,258
IL,bond,928,231
IL,boone,1652,256
IL,brown,426,255
IL,bureau,1942,252
IL,calhoun,908,253
IL,carroll,2187,275
IL,cass,509,250
IL,champaign,11366,294
IL,christian,554,217
IL,clark,375,216
IL,clay,161,153
IL,clinton,6570,329
IL,coles,6449,283
IL,cook,169913,368
IL,crawford,104,164
IL,cumberland,389,197
IL,dekalb,3493,275
IL,de witt,1913,288
IL,douglas,888,239
IL,dupage,65772,307
IL,edgar,270,203
IL,edwards,560,221
IL,effingham,549,205
IL,fayette,963,292
IL,ford,481,210
IL,franklin,1505,260
IL,fulton,3209,297
IL,gallatin,193,216
IL,greene,231,187
IL,grundy,3626,277
IL,hamilton,251,189
IL,hancock,535,219
IL,hardin,146,125
IL,henderson,475,211
IL,henry,2058,237
IL,iroquois,868,249
IL,jackson,7471,280
IL,jasper,758,232
IL,jefferson,1512,253
IL,jersey,867,252
IL,jo daviess,947,240
IL,johnson,2320,247
IL,kane,29851,311
IL,kankakee,10996,291
IL,kendall,6768,270
IL,knox,1021,231
IL,lake,57746,346
IL,la salle,4401,282
IL,lawrence,247,204
IL,lee,2076,270
IL,livingston,858,235
IL,logan,613,218
IL,mcdonough,502,194
IL,mchenry,13275,285
IL,mclean,9243,301
IL,macon,1254,282
IL,macoupin,528,200
IL,madison,10116,312
IL,marion,818,233
IL,marshall,1009,259
IL,mason,3322,308
IL,massac,1689,268
IL,menard,2572,241
IL,mercer,452,208
IL,monroe,1138,279
IL,montgomery,627,201
IL,morgan,1087,291
IL,moultrie,928,268
IL,ogle,1686,275
IL,peoria,4935,287
IL,perry,623,228
IL,piatt,805,232
IL,pike,286,199
IL,pope,394,196
IL,pulaski,1587,249
IL,putnam,1835,282
IL,randolph,1013,246
IL,richland,261,198
IL,rock island,3907,267
IL,st. clair,21169,273
IL,saline,291,206
IL,sangamon,6196,302
IL,schuyler,345,197
IL,scott,158,198
IL,shelby,648,247
IL,stark,532,220
IL,stephenson,600,234
IL,tazewell,7031,284
IL,union,2525,273
IL,vermilion,1626,252
IL,wabash,145,217
IL,warren,327,206
IL,washington,800,181
IL,wayne,250,216
IL,white,1317,183
IL,whiteside,2246,285
IL,will,22533,306
IL,williamson,7387,280
IL,winnebago,12648,313
IL,woodford,4281,295
IN,adams,287,198
IN,allen,4723,283
IN,bartholomew,810,228
IN,benton,961,279
IN,blackford,1017,165
IN,boone,3081,266
IN,brown,2387,271
IN,carroll,234,168
IN,cass,1777,250
IN,clark,2195,256
IN,clay,487,233
IN,clinton,199,175
IN,crawford,344,184
IN,daviess,603,233
IN,dearborn,1770,275
IN,decatur,261,158
IN,dekalb,474,156
IN,delaware,2360,259
IN,dubois,563,218
IN,elkhart,10592,291
IN,fayette,581,180
IN,floyd,1716,217
IN,fountain,253,190
IN,franklin,744,237
IN,fulton,116,159
IN,gibson,5379,308
IN,grant,1341,202
IN,greene,7701,296
IN,hamilton,6062,265
IN,hancock,1808,222
IN,harrison,5996,210
IN,hendricks,1736,227
IN,henry,776,241
IN,howard,202,172
IN,huntington,1494,246
IN,jackson,3540,267
IN,jasper,611,242
IN,jay,600,209
IN,jefferson,455,204
IN,jennings,586,231
IN,johnson,3951,251
IN,knox,941,225
IN,kosciusko,1944,257
IN,lagrange,3316,271
IN,lake,8759,346
IN,laporte,4324,316
IN,lawrence,1695,229
IN,madison,1528,224
IN,marion,17317,296
IN,marshall,470,233
IN,martin,338,196
IN,miami,939,205
IN,monroe,13204,307
IN,montgomery,1087,253
IN,morgan,1076,228
IN,newton,4252,293
IN,noble,3793,219
IN,ohio,71,136
IN,orange,665,241
IN,owen,778,202
IN,parke,749,234
IN,perry,323,177
IN,pike,1279,265
IN,porter,10181,334
IN,posey,657,232
IN,pulaski,360,218
IN,putnam,2197,222
IN,randolph,184,128
IN,ripley,440,212
IN,rush,157,122
IN,st. joseph,10524,267
IN,scott,733,236
IN,shelby,283,171
IN,spencer,739,238
IN,starke,1016,238
IN,steuben,2050,246
IN,sullivan,2013,281
IN,switzerland,71,137
IN,tippecanoe,22773,295
IN,tipton,122,138
IN,union,2347,265
IN,vanderburgh,4817,258
IN,vermillion,772,253
IN,vigo,3067,281
IN,wabash,710,241
IN,warren,406,224
IN,warrick,8146,268
IN,washington,307,203
IN,wayne,1135,235
IN,wells,927,178
IN,white,670,208
IN,whitley,555,182
IA,adair,218,160
IA,adams,64,184
IA,allamakee,996,246
IA,appanoose,503,250
IA,audubon,95,173
IA,benton,455,202
IA,black hawk,4679,280
IA,boone,691,262
IA,bremer,875,253
IA,buchanan,387,182
IA,buena vista,145,191
IA,butler,410,198
IA,calhoun,409,200
IA,carroll,609,228
IA,cass,477,165
IA,cedar,374,191
IA,cerro gordo,577,255
IA,cherokee,160,223
IA,chickasaw,76,125
IA,clarke,102,136
IA,clay,464,244
IA,clayton,726,237
IA,clinton,369,222
IA,crawford,101,102
IA,dallas,2331,258
IA,davis,71,118
IA,decatur,291,223
IA,delaware,169,167
IA,des moines,1015,275
IA,dickinson,1364,276
IA,dubuque,3180,273
IA,emmet,160,206
IA,fayette,241,192
IA,floyd,188,171
IA,franklin,125,156
IA,fremont,510,280
IA,greene,381,234
IA,grundy,158,171
IA,guthrie,275,238
IA,hamilton,253,205
IA,hancock,249,233
IA,hardin,405,229
IA,harrison,1298,255
IA,henry,210,181
IA,howard,156,145
IA,humboldt,41,137
IA,ida,180,139
IA,iowa,654,252
IA,jackson,1031,266
IA,jasper,1497,239
IA,jefferson,2365,231
IA,johnson,11286,321
IA,jones,354,212
IA,keokuk,126,153
IA,kossuth,301,242
IA,lee,562,252
IA,linn,10828,287
IA,louisa,923,265
IA,lucas,678,241
IA,lyon,128,174
IA,madison,681,223
IA,mahaska,115,162
IA,marion,948,299
IA,marshall,451,221
IA,mills,334,200
IA,mitchell,53,150
IA,monona,377,233
IA,monroe,160,174
IA,montgomery,97,117
IA,muscatine,645,239
IA,o'brien,222,191
IA,osceola,61,141
IA,page,83,149
IA,palo alto,171,205
IA,plymouth,288,201
IA,pocahontas,468,218
IA,polk,12165,331
IA,pottawattamie,1735,268
IA,poweshiek,397,189
IA,ringgold,287,192
IA,sac,414,215
IA,scott,3432,278
IA,shelby,131,155
IA,sioux,829,241
IA,story,3725,291
IA,tama,704,252
IA,taylor,88,184
IA,union,209,212
IA,van buren,424,223
IA,wapello,149,174
IA,warren,302,266
IA,washington,417,205
IA,wayne,78,211
IA,webster,207,184
IA,winnebago,965,233
IA,winneshiek,944,229
IA,woodbury,2122,261
IA,worth,173,171
IA,wright,63,177
KS,allen,461,236
KS,anderson,320,218
KS,atchison,939,250
KS,barber,465,235
KS,barton,3178,318
KS,bourbon,373,236
KS,brown,1430,247
KS,butler,1337,263
KS,chase,644,231
KS,chautauqua,210,204
KS,cherokee,860,254
KS,cheyenne,427,201
KS,clark,682,247
KS,clay,572,246
KS,cloud,274,197
KS,coffey,956,277
KS,comanche,736,238
KS,cowley,929,270
KS,crawford,737,231
KS,decatur,127,163
KS,dickinson,420,219
KS,doniphan,202,218
KS,douglas,12091,331
KS,edwards,327,192
KS,elk,197,208
KS,ellis,1497,214
KS,ellsworth,1415,273
KS,finney,1247,260
KS,ford,1583,265
KS,franklin,778,201
KS,geary,1450,286
KS,gove,325,177
KS,graham,114,176
KS,grant,163,197
KS,gray,347,181
KS,greeley,146,169
KS,greenwood,295,228
KS,hamilton,251,218
KS,harper,445,218
KS,harvey,3298,285
KS,haskell,202,188
KS,hodgeman,439,225
KS,jackson,1070,248
KS,jefferson,2071,298
KS,jewell,239,219
KS,johnson,25903,320
KS,kearny,206,207
KS,kingman,477,259
KS,kiowa,2216,231
KS,labette,716,232
KS,lane,178,177
KS,leavenworth,2778,269
KS,lincoln,300,218
KS,linn,1915,291
KS,logan,358,195
KS,lyon,970,256
KS,mcpherson,769,247
KS,marion,1442,254
KS,marshall,151,176
KS,meade,313,222
KS,miami,1994,271
KS,mitchell,259,240
KS,montgomery,545,246
KS,morris,347,231
KS,morton,2187,322
KS,nemaha,139,206
KS,neosho,2976,286
KS,ness,249,184
KS,norton,194,216
KS,osage,1716,288
KS,osborne,177,220
KS,ottawa,353,207
KS,pawnee,575,215
KS,phillips,259,221
KS,pottawatomie,5246,303
KS,pratt,723,246
KS,rawlins,134,179
KS,reno,3452,319
KS,republic,221,192
KS,rice,384,206
KS,riley,9452,322
KS,rooks,1319,267
KS,rush,290,176
KS,russell,1770,304
KS,saline,1760,240
KS,scott,500,235
KS,sedgwick,6952,344
KS,seward,328,220
KS,shawnee,8143,296
KS,sheridan,558,172
KS,sherman,301,196
KS,smith,203,191
KS,stafford,3789,317
KS,stanton,314,190
KS,stevens,291,191
KS,sumner,776,268
KS,thomas,269,166
KS,trego,368,211
KS,wabaunsee,1016,246
KS,wallace,169,174
KS,washington,140,196
KS,wichita,136,174
KS,wilson,429,223
KS,woodson,338,233
KS,wyandotte,2250,255
KY,adair,744,239
KY,allen,175,215
KY,anderson,515,186
KY,ballard,136,231
KY,barren,1233,242
KY,bath,232,197
KY,bell,221,177
KY,boone,1522,245
KY,bourbon,92,101
KY,boyd,3038,190
KY,boyle,479,174
KY,bracken,82,149
KY,breathitt,35,124
KY,breckinridge,135,126
KY,bullitt,1471,205
KY,butler,21,119
KY,caldwell,41,78
KY,calloway,776,258
KY,campbell,1432,207
KY,carlisle,35,159
KY,carroll,127,133
KY,carter,370,161
KY,casey,331,159
KY,christian,1046,246
KY,clark,186,138
KY,clay,42,97
KY,clinton,65,153
KY,crittenden,78,147
KY,cumberland,92,157
KY,daviess,438,190
KY,edmonson,927,186
KY,elliott,36,119
KY,estill,35,97
KY,fayette,9509,270
KY,fleming,134,169
KY,floyd,56,127
KY,franklin,1577,215
KY,fulton,723,275
KY,gallatin,130,159
KY,garrard,98,153
KY,grant,469,153
KY,graves,105,131
KY,grayson,163,132
KY,green,42,110
KY,greenup,291,183
KY,hancock,20,78
KY,hardin,2189,230
KY,harlan,111,144
KY,harrison,280,127
KY,hart,1330,219
KY,henderson,3770,279
KY,henry,81,129
KY,hickman,38,140
KY,hopkins,661,212
KY,jackson,73,139
KY,jefferson,16922,312
KY,jessamine,870,189
KY,johnson,136,127
KY,kenton,1562,210
KY,knott,42,115
KY,knox,47,88
KY,larue,310,165
KY,laurel,824,182
KY,lawrence,54,141
KY,lee,45,115
KY,leslie,103,93
KY,letcher,93,147
KY,lewis,29,126
KY,lincoln,266,194
KY,livingston,248,218
KY,logan,431,205
KY,lyon,1083,265
KY,mccracken,514,192
KY,mccreary,384,172
KY,mclean,55,153
KY,madison,3965,247
KY,magoffin,13,82
KY,marion,49,111
KY,marshall,1505,284
KY,martin,12,71
KY,mason,241,163
KY,meade,115,169
KY,menifee,143,166
KY,mercer,521,219
KY,metcalfe,170,135
KY,monroe,116,163
KY,montgomery,66,103
KY,morgan,44,111
KY,muhlenberg,742,262
KY,nelson,921,177
KY,nicholas,46,133
KY,ohio,168,205
KY,oldham,1711,213
KY,owen,150,151
KY,owsley,20,82
KY,pendleton,371,132
KY,perry,69,111
KY,pike,304,144
KY,powell,232,143
KY,pulaski,5204,277
KY,robertson,26,119
KY,rockcastle,206,199
KY,rowan,1360,259
KY,russell,627,218
KY,scott,567,184
KY,shelby,1464,200
KY,simpson,90,139
KY,spencer,276,152
KY,taylor,266,188
KY,todd,592,200
KY,trigg,1661,255
KY,trimble,40,91
KY,union,457,244
KY,warren,819,284
KY,washington,126,112
KY,wayne,633,246
KY,webster,24,45
KY,whitley,284,149
KY,wolfe,217,128
KY,woodford,299,149
LA,acadia,850,287
LA,allen,202,204
LA,ascension,812,235
LA,assumption,137,172
LA,avoyelles,346,206
LA,beauregard,440,204
LA,bienville,132,187
LA,bossier,1552,286
LA,caddo,7813,334
LA,calcasieu,3616,305
LA,caldwell,149,189
LA,cameron,11447,398
LA,catahoula,176,208
LA,claiborne,2081,261
LA,concordia,314,199
LA,de soto,1236,261
LA,east baton rouge,12101,312
LA,east carroll,215,198
LA,east feliciana,192,162
LA,evangeline,702,254
LA,franklin,130,180
LA,grant,535,214
LA,iberia,567,268
LA,iberville,2181,302
LA,jackson,317,196
LA,jefferson,11254,346
LA,jefferson davis,2370,295
LA,lafayette,3853,300
LA,lafourche,2019,302
LA,la salle,1011,248
LA,lincoln,679,201
LA,livingston,822,222
LA,madison,373,236
LA,morehouse,577,238
LA,natchitoches,823,269
LA,orleans,12584,340
LA,ouachita,3536,270
LA,plaquemines,2514,348
LA,pointe coupee,457,262
LA,rapides,4999,296
LA,red river,618,276
LA,richland,435,224
LA,sabine,437,217
LA,st. bernard,953,277
LA,st. charles,1092,277
LA,st. helena,88,142
LA,st. james,506,217
LA,st. john the baptist,1756,277
LA,st. landry,873,259
LA,st. martin,4012,290
LA,st. martin,4012,290
LA,st. mary,560,267
LA,st. tammany,11705,326
LA,tangipahoa,948,235
LA,tensas,183,205
LA,terrebonne,2171,309
LA,union,1858,260
LA,vermilion,1906,331
LA,vernon,899,218
LA,washington,1337,201
LA,webster,229,193
LA,west baton rouge,217,224
LA,west carroll,183,166
LA,west feliciana,423,221
LA,winn,171,155
ME,androscoggin,4109,232
ME,aroostook,3984,253
ME,cumberland,51168,361
ME,franklin,2553,215
ME,hancock,33154,327
ME,kennebec,14525,267
ME,knox,12372,338
ME,lincoln,12120,342
ME,oxford,7054,241
ME,penobscot,16489,283
ME,piscataquis,3041,209
ME,sagadahoc,10006,332
ME,somerset,3527,238
ME,waldo,19235,290
ME,washington,9580,336
ME,york,38914,368
MD,allegany,9360,276
MD,anne arundel,47419,337
MD,baltimore,64002,343
MD,calvert,14797,328
MD,caroline,7166,277
MD,carroll,10008,286
MD,cecil,7685,307
MD,charles,3299,281
MD,dorchester,13565,318
MD,frederick,26241,292
MD,garrett,12892,267
MD,harford,16383,316
MD,howard,47985,303
MD,kent,7998,308
MD,montgomery,70800,320
MD,prince george's,35429,322
MD,queen anne's,16378,313
MD,st. mary's,10737,326
MD,somerset,5061,301
MD,talbot,20303,318
MD,washington,8065,271
MD,wicomico,8355,298
MD,worcester,38185,386
MD,baltimore city,NA,NA
MA,barnstable,92319,419
MA,berkshire,22691,302
MA,bristol,20101,359
MA,dukes,4828,379
MA,essex,101811,422
MA,franklin,17208,304
MA,hampden,18232,295
MA,hampshire,47731,322
MA,middlesex,104194,341
MA,nantucket,8466,365
MA,norfolk,37302,342
MA,plymouth,36252,387
MA,suffolk,39235,348
MA,worcester,36918,338
MI,alcona,2218,247
MI,alger,3684,308
MI,allegan,12279,302
MI,alpena,1162,246
MI,antrim,3099,239
MI,arenac,1163,247
MI,baraga,1493,279
MI,barry,11383,273
MI,bay,14893,302
MI,benzie,3990,269
MI,berrien,16557,331
MI,branch,1810,232
MI,calhoun,8820,254
MI,cass,1536,218
MI,charlevoix,6345,267
MI,cheboygan,3416,256
MI,chippewa,15296,345
MI,clare,1481,221
MI,clinton,5310,258
MI,crawford,5551,245
MI,delta,2668,289
MI,dickinson,1109,211
MI,eaton,4629,245
MI,emmet,3422,264
MI,genesee,5679,262
MI,gladwin,647,209
MI,gogebic,1244,220
MI,grand traverse,10694,271
MI,gratiot,3116,262
MI,hillsdale,2172,242
MI,houghton,3925,300
MI,huron,4797,292
MI,ingham,18131,286
MI,ionia,2559,263
MI,iosco,11675,295
MI,iron,546,207
MI,isabella,7727,255
MI,jackson,14557,273
MI,kalamazoo,13728,275
MI,kalkaska,2091,235
MI,kent,36223,279
MI,keweenaw,2043,287
MI,lake,611,193
MI,lapeer,4595,240
MI,leelanau,9969,277
MI,lenawee,4692,261
MI,livingston,12504,275
MI,luce,1585,230
MI,mackinac,2647,268
MI,macomb,20957,302
MI,manistee,9881,290
MI,marquette,7589,297
MI,mason,3524,276
MI,mecosta,1246,230
MI,menominee,843,222
MI,midland,13166,272
MI,missaukee,1124,227
MI,monroe,8742,319
MI,montcalm,1483,227
MI,montmorency,536,209
MI,muskegon,10028,302
MI,newaygo,800,225
MI,oakland,42497,278
MI,oceana,1816,250
MI,ogemaw,2132,232
MI,ontonagon,623,247
MI,osceola,2000,210
MI,oscoda,1348,241
MI,otsego,2553,211
MI,ottawa,18688,304
MI,presque isle,815,229
MI,roscommon,3527,257
MI,saginaw,8014,291
MI,st. clair,5972,295
MI,st. joseph,3117,247
MI,sanilac,2292,252
MI,schoolcraft,2764,262
MI,shiawassee,970,219
MI,tuscola,4901,273
MI,van buren,3666,269
MI,washtenaw,54123,295
MI,wayne,21504,317
MI,wexford,1674,238
MN,aitkin,2083,273
MN,anoka,8488,287
MN,becker,2333,274
MN,beltrami,1709,269
MN,benton,941,237
MN,big stone,2391,249
MN,blue earth,1594,267
MN,brown,621,261
MN,carlton,2523,230
MN,carver,7763,289
MN,cass,2508,279
MN,chippewa,348,220
MN,chisago,3755,260
MN,clay,2429,287
MN,clearwater,912,250
MN,cook,4109,282
MN,cottonwood,1619,247
MN,crow wing,3588,272
MN,dakota,22421,315
MN,dodge,412,212
MN,douglas,1829,248
MN,faribault,859,247
MN,fillmore,1037,225
MN,freeborn,701,233
MN,goodhue,4481,275
MN,grant,935,257
MN,hennepin,47364,320
MN,houston,1564,254
MN,hubbard,1268,246
MN,isanti,827,222
MN,itasca,1976,240
MN,jackson,1071,261
MN,kanabec,306,213
MN,kandiyohi,1668,266
MN,kittson,899,265
MN,koochiching,644,230
MN,lac qui parle,1827,278
MN,lake,7929,297
MN,lake of the woods,351,254
MN,le sueur,866,261
MN,lincoln,402,244
MN,lyon,1366,283
MN,mcleod,1224,248
MN,mahnomen,258,222
MN,marshall,2212,271
MN,martin,215,210
MN,meeker,1028,248
MN,mille lacs,1046,245
MN,morrison,2626,244
MN,mower,815,251
MN,murray,430,249
MN,nicollet,785,264
MN,nobles,260,219
MN,norman,246,212
MN,olmsted,10764,290
MN,otter tail,2022,266
MN,pennington,759,245
MN,pine,2104,261
MN,pipestone,682,239
MN,polk,4960,284
MN,pope,527,223
MN,ramsey,13392,286
MN,red lake,381,222
MN,redwood,403,226
MN,renville,607,239
MN,rice,5388,277
MN,rock,625,249
MN,roseau,1836,281
MN,st. louis,85067,328
MN,scott,5299,284
MN,sherburne,3438,274
MN,sibley,744,251
MN,stearns,3285,270
MN,steele,2416,257
MN,stevens,755,236
MN,swift,502,231
MN,todd,2220,247
MN,traverse,371,213
MN,wabasha,1452,261
MN,wadena,260,194
MN,waseca,511,221
MN,washington,17601,293
MN,watonwan,735,224
MN,wilkin,466,244
MN,winona,2161,269
MN,wright,2899,265
MN,yellow medicine,770,268
MS,adams,493,250
MS,alcorn,105,150
MS,amite,38,91
MS,attala,97,167
MS,benton,91,162
MS,bolivar,229,205
MS,calhoun,20,94
MS,carroll,21,73
MS,chickasaw,171,181
MS,choctaw,96,144
MS,claiborne,49,124
MS,clarke,101,121
MS,clay,97,153
MS,coahoma,157,189
MS,copiah,54,124
MS,covington,164,140
MS,desoto,1885,290
MS,forrest,1367,225
MS,franklin,35,122
MS,george,208,164
MS,greene,47,107
MS,grenada,199,204
MS,hancock,3103,325
MS,harrison,5975,327
MS,hinds,1796,217
MS,holmes,112,180
MS,humphreys,191,195
MS,issaquena,123,215
MS,itawamba,404,147
MS,jackson,13368,346
MS,jasper,62,115
MS,jefferson,40,110
MS,jefferson davis,118,139
MS,jones,173,130
MS,kemper,85,134
MS,lafayette,1368,254
MS,lamar,317,150
MS,lauderdale,1034,207
MS,lawrence,44,103
MS,leake,23,85
MS,lee,916,236
MS,leflore,121,190
MS,lincoln,177,122
MS,lowndes,996,230
MS,madison,1760,253
MS,marion,63,113
MS,marshall,641,209
MS,monroe,196,182
MS,montgomery,15,49
MS,neshoba,28,96
MS,newton,64,107
MS,noxubee,1227,269
MS,oktibbeha,2643,274
MS,panola,607,235
MS,pearl river,850,233
MS,perry,69,123
MS,pike,132,141
MS,pontotoc,141,161
MS,prentiss,42,132
MS,quitman,161,193
MS,rankin,1966,208
MS,scott,142,167
MS,sharkey,50,166
MS,simpson,327,136
MS,smith,21,116
MS,stone,127,142
MS,sunflower,123,161
MS,tallahatchie,140,223
MS,tate,182,189
MS,tippah,30,75
MS,tishomingo,697,232
MS,tunica,552,257
MS,union,30,78
MS,walthall,14,84
MS,warren,785,233
MS,washington,217,246
MS,wayne,45,90
MS,webster,47,112
MS,wilkinson,81,151
MS,winston,79,155
MS,yalobusha,167,197
MS,yazoo,154,204
MO,adair,1848,240
MO,andrew,256,186
MO,atchison,285,216
MO,audrain,287,182
MO,barry,1022,236
MO,barton,749,244
MO,bates,302,226
MO,benton,952,248
MO,bollinger,962,246
MO,boone,27089,326
MO,buchanan,1992,310
MO,butler,595,198
MO,caldwell,159,184
MO,callaway,2478,256
MO,camden,1491,221
MO,cape girardeau,2818,233
MO,carroll,162,177
MO,carter,413,187
MO,cass,5723,270
MO,cedar,581,253
MO,chariton,502,269
MO,christian,1162,234
MO,clark,204,182
MO,clay,4952,314
MO,clinton,618,229
MO,cole,3298,267
MO,cooper,750,227
MO,crawford,625,184
MO,dade,1079,245
MO,dallas,177,174
MO,daviess,185,165
MO,dekalb,561,205
MO,dent,598,207
MO,douglas,125,145
MO,dunklin,2218,274
MO,franklin,3759,227
MO,gasconade,244,157
MO,gentry,69,128
MO,greene,6817,304
MO,grundy,100,141
MO,harrison,404,201
MO,henry,1117,280
MO,hickory,212,189
MO,holt,2445,312
MO,howard,894,235
MO,howell,523,193
MO,iron,417,171
MO,jackson,18003,319
MO,jasper,1945,249
MO,jefferson,4409,210
MO,johnson,5222,272
MO,knox,186,181
MO,laclede,345,183
MO,lafayette,833,229
MO,lawrence,597,210
MO,lewis,700,223
MO,lincoln,5053,298
MO,linn,441,234
MO,livingston,318,245
MO,mcdonald,313,193
MO,macon,1585,272
MO,madison,320,153
MO,maries,217,167
MO,marion,390,192
MO,mercer,55,126
MO,miller,1076,222
MO,mississippi,578,250
MO,moniteau,631,199
MO,monroe,652,214
MO,montgomery,331,178
MO,morgan,665,193
MO,new madrid,327,210
MO,newton,2543,249
MO,nodaway,316,232
MO,oregon,396,188
MO,osage,251,158
MO,ozark,475,187
MO,pemiscot,672,230
MO,perry,1084,250
MO,pettis,653,221
MO,phelps,5890,256
MO,pike,992,276
MO,platte,3838,283
MO,polk,539,255
MO,pulaski,773,195
MO,putnam,225,196
MO,ralls,777,222
MO,randolph,274,195
MO,ray,685,239
MO,reynolds,760,203
MO,ripley,315,169
MO,st. charles,13849,344
MO,st. clair,694,255
MO,st. francois,1515,209
MO,st. louis,27404,315
MO,st. louis city,NA,156
MO,ste. genevieve,590,199
MO,saline,1815,257
MO,schuyler,166,113
MO,scotland,23,108
MO,scott,529,209
MO,shannon,553,194
MO,shelby,230,182
MO,stoddard,2983,281
MO,stone,680,222
MO,sullivan,189,204
MO,taney,1573,252
MO,texas,493,186
MO,vernon,1244,293
MO,warren,457,170
MO,washington,624,181
MO,wayne,495,227
MO,webster,1255,237
MO,worth,78,122
MO,wright,86,133
MT,beaverhead,2043,272
MT,big horn,720,236
MT,blaine,380,194
MT,broadwater,1042,249
MT,carbon,1663,267
MT,carter,231,190
MT,cascade,7658,299
MT,chouteau,350,226
MT,custer,530,217
MT,daniels,297,162
MT,dawson,250,172
MT,deer lodge,2834,256
MT,fallon,118,166
MT,fergus,1497,232
MT,flathead,12744,310
MT,gallatin,23213,292
MT,garfield,372,202
MT,glacier,7968,298
MT,golden valley,219,189
MT,granite,590,210
MT,hill,245,202
MT,jefferson,6209,236
MT,judith basin,227,179
MT,lake,4762,282
MT,lewis and clark,8500,290
MT,liberty,299,171
MT,lincoln,1409,242
MT,mccone,369,207
MT,madison,3369,274
MT,meagher,912,213
MT,mineral,1783,180
MT,missoula,25560,293
MT,musselshell,523,214
MT,park,4228,280
MT,petroleum,193,197
MT,phillips,2684,318
MT,pondera,781,213
MT,powder river,183,179
MT,powell,1943,267
MT,prairie,100,163
MT,ravalli,5899,280
MT,richland,198,189
MT,roosevelt,298,207
MT,rosebud,349,201
MT,sanders,992,245
MT,sheridan,1148,265
MT,silver bow,561,200
MT,stillwater,868,250
MT,sweet grass,552,206
MT,teton,1663,285
MT,toole,3101,242
MT,treasure,89,134
MT,valley,4347,303
MT,wheatland,439,196
MT,wibaux,98,126
MT,yellowstone,5130,294
MT,yellowstone national,NA,NA
NE,adams,370,178
NE,antelope,223,229
NE,arthur,119,139
NE,banner,195,149
NE,blaine,111,146
NE,boone,123,126
NE,box butte,217,163
NE,boyd,113,157
NE,brown,190,199
NE,buffalo,2675,247
NE,burt,422,209
NE,butler,237,211
NE,cass,1733,247
NE,cedar,810,245
NE,chase,253,198
NE,cherry,1010,261
NE,cheyenne,337,171
NE,clay,343,213
NE,colfax,231,185
NE,cuming,265,198
NE,custer,2419,235
NE,dakota,225,213
NE,dawes,1060,251
NE,dawson,1295,216
NE,deuel,249,161
NE,dixon,1941,262
NE,dodge,5582,256
NE,douglas,5874,295
NE,dundy,394,210
NE,fillmore,148,174
NE,franklin,137,156
NE,frontier,653,210
NE,furnas,182,145
NE,gage,536,204
NE,garden,820,266
NE,garfield,217,172
NE,gosper,192,163
NE,grant,154,155
NE,greeley,90,137
NE,hall,1939,237
NE,hamilton,298,189
NE,harlan,364,229
NE,hayes,227,180
NE,hitchcock,716,194
NE,holt,237,199
NE,hooker,117,155
NE,howard,154,159
NE,jefferson,308,188
NE,johnson,282,183
NE,kearney,414,188
NE,keith,1834,310
NE,keya paha,128,147
NE,kimball,444,235
NE,knox,559,323
NE,lancaster,12066,326
NE,lincoln,14376,291
NE,logan,198,172
NE,loup,386,199
NE,mcpherson,172,149
NE,madison,578,193
NE,merrick,229,174
NE,morrill,495,205
NE,nance,189,174
NE,nemaha,581,232
NE,nuckolls,352,201
NE,otoe,3182,232
NE,pawnee,226,192
NE,perkins,420,187
NE,phelps,352,218
NE,pierce,175,187
NE,platte,1027,250
NE,polk,99,145
NE,red willow,600,178
NE,richardson,405,225
NE,rock,172,189
NE,saline,182,171
NE,sarpy,3916,306
NE,saunders,1697,259
NE,scotts bluff,2636,284
NE,seward,1005,244
NE,sheridan,453,226
NE,sherman,180,166
NE,sioux,495,231
NE,stanton,276,209
NE,thayer,143,173
NE,thomas,256,190
NE,thurston,102,160
NE,valley,112,155
NE,washington,1125,260
NE,wayne,346,217
NE,webster,163,177
NE,wheeler,97,171
NE,york,415,202
NV,churchill,3887,289
NV,clark,29319,414
NV,douglas,3972,257
NV,elko,5498,299
NV,esmeralda,1735,332
NV,eureka,636,194
NV,humboldt,2889,232
NV,lander,1575,215
NV,lincoln,3518,337
NV,lyon,2879,264
NV,mineral,638,252
NV,nye,8655,346
NV,pershing,675,232
NV,storey,1410,191
NV,washoe,19093,328
NV,white pine,5814,268
NV,carson city,NA,259
NH,belknap,2875,250
NH,carroll,9278,254
NH,cheshire,15638,265
NH,coos,13424,241
NH,grafton,13429,265
NH,hillsborough,15271,272
NH,merrimack,13965,269
NH,rockingham,30127,384
NH,strafford,9458,298
NH,sullivan,6765,235
NJ,atlantic,23034,370
NJ,bergen,40026,333
NJ,burlington,20517,320
NJ,camden,9796,252
NJ,cape may,95068,418
NJ,cumberland,11032,338
NJ,essex,8192,265
NJ,gloucester,16337,293
NJ,hudson,10579,314
NJ,hunterdon,31298,316
NJ,mercer,26637,289
NJ,middlesex,18197,308
NJ,monmouth,30468,387
NJ,morris,27981,293
NJ,ocean,32725,379
NJ,passaic,16654,267
NJ,salem,7015,319
NJ,somerset,22388,291
NJ,sussex,13757,303
NJ,union,8596,263
NJ,warren,8288,292
NM,bernalillo,48000,369
NM,catron,3488,267
NM,chaves,2958,332
NM,colfax,3257,320
NM,curry,1991,306
NM,de baca,1188,302
NM,dona ana,9517,377
NM,eddy,5770,395
NM,grant,5968,334
NM,guadalupe,1024,277
NM,harding,709,242
NM,hidalgo,3583,336
NM,lea,2182,281
NM,lincoln,1656,264
NM,los alamos,25945,280
NM,luna,1813,270
NM,mckinley,821,240
NM,mora,2423,282
NM,otero,3556,321
NM,quay,1228,277
NM,rio arriba,4230,294
NM,roosevelt,4016,345
NM,sandoval,10836,338
NM,san juan,2879,317
NM,san miguel,6605,355
NM,santa fe,14100,351
NM,sierra,5008,391
NM,socorro,17443,405
NM,taos,6053,260
NM,torrance,2087,277
NM,union,1897,281
NM,cibola,1913,285
NY,albany,23241,289
NY,allegany,3041,229
NY,bronx,7449,285
NY,broome,32728,275
NY,cattaraugus,8053,246
NY,cayuga,11910,308
NY,chautauqua,10046,300
NY,chemung,17346,244
NY,chenango,3479,238
NY,clinton,2846,273
NY,columbia,8268,263
NY,cortland,5182,243
NY,delaware,5584,232
NY,dutchess,25358,284
NY,erie,29375,326
NY,essex,12596,274
NY,franklin,6617,246
NY,fulton,5061,222
NY,genesee,8197,295
NY,greene,7237,270
NY,hamilton,5578,212
NY,herkimer,13363,251
NY,jefferson,15134,306
NY,kings,42589,352
NY,lewis,2243,224
NY,livingston,16945,262
NY,madison,11539,270
NY,monroe,69268,343
NY,montgomery,3429,228
NY,nassau,42889,367
NY,new york,54119,316
NY,niagara,12676,319
NY,oneida,16287,282
NY,onondaga,30545,304
NY,ontario,24904,278
NY,orange,18571,314
NY,orleans,6468,279
NY,oswego,20589,339
NY,otsego,4925,227
NY,putnam,2833,229
NY,queens,28973,357
NY,rensselaer,11425,259
NY,richmond,46873,344
NY,rockland,8258,271
NY,st. lawrence,11005,289
NY,saratoga,17280,286
NY,schenectady,4049,239
NY,schoharie,3272,240
NY,schuyler,4106,250
NY,seneca,26641,304
NY,steuben,8150,232
NY,suffolk,115601,407
NY,sullivan,11323,287
NY,tioga,9254,234
NY,tompkins,122986,330
NY,ulster,19148,292
NY,warren,3369,229
NY,washington,6242,249
NY,wayne,21640,309
NY,westchester,38433,331
NY,wyoming,2465,239
NY,yates,3171,240
NC,alamance,3021,203
NC,alexander,617,208
NC,alleghany,606,193
NC,anson,691,219
NC,ashe,1468,181
NC,avery,2053,201
NC,beaufort,907,266
NC,bertie,172,160
NC,bladen,673,207
NC,brunswick,5903,356
NC,buncombe,16236,271
NC,burke,1189,208
NC,cabarrus,3641,237
NC,caldwell,934,225
NC,camden,903,206
NC,carteret,6562,377
NC,caswell,325,165
NC,catawba,2282,251
NC,chatham,6454,307
NC,cherokee,415,165
NC,chowan,184,142
NC,clay,328,164
NC,cleveland,1032,211
NC,columbus,262,188
NC,craven,2437,287
NC,cumberland,3053,233
NC,currituck,2577,309
NC,currituck,2577,309
NC,currituck,2577,309
NC,dare,28373,418
NC,davidson,923,182
NC,davie,879,172
NC,duplin,181,138
NC,durham,25114,289
NC,edgecombe,707,207
NC,forsyth,20243,279
NC,franklin,545,175
NC,gaston,2729,226
NC,gates,346,175
NC,graham,819,173
NC,granville,626,223
NC,greene,113,116
NC,guilford,10395,276
NC,halifax,547,220
NC,harnett,940,195
NC,haywood,4234,242
NC,henderson,5539,288
NC,hertford,69,119
NC,hoke,296,154
NC,hyde,3302,345
NC,iredell,1826,216
NC,jackson,2573,207
NC,johnston,1694,201
NC,jones,171,163
NC,lee,702,153
NC,lenoir,190,138
NC,lincoln,357,177
NC,mcdowell,1054,193
NC,macon,2312,200
NC,madison,1929,183
NC,martin,254,165
NC,mecklenburg,19646,304
NC,mitchell,830,167
NC,montgomery,580,171
NC,moore,2577,250
NC,nash,709,189
NC,new hanover,11944,363
NC,northampton,236,201
NC,onslow,1979,301
NC,orange,13081,262
NC,pamlico,3036,256
NC,pasquotank,300,165
NC,pender,1982,280
NC,perquimans,136,134
NC,person,1760,207
NC,pitt,1445,251
NC,polk,925,205
NC,randolph,1297,213
NC,richmond,424,195
NC,robeson,479,149
NC,rockingham,5559,232
NC,rowan,1618,195
NC,rutherford,627,185
NC,sampson,346,163
NC,scotland,199,178
NC,stanly,931,189
NC,stokes,1207,194
NC,surry,1670,200
NC,swain,1474,206
NC,transylvania,3980,271
NC,tyrrell,901,237
NC,union,4166,216
NC,vance,266,169
NC,wake,30994,314
NC,warren,219,158
NC,washington,3284,278
NC,watauga,5540,226
NC,wayne,301,246
NC,wilkes,2004,236
NC,wilson,1306,235
NC,yadkin,507,190
NC,yancey,3013,189
ND,adams,107,198
ND,barnes,1568,269
ND,benson,377,258
ND,billings,1399,245
ND,bottineau,895,248
ND,bowman,598,245
ND,burke,666,253
ND,burleigh,2826,304
ND,cass,4432,309
ND,cavalier,57,142
ND,dickey,275,212
ND,divide,327,228
ND,dunn,597,225
ND,eddy,251,195
ND,emmons,178,202
ND,foster,284,222
ND,golden valley,474,213
ND,grand forks,6960,328
ND,grant,235,223
ND,griggs,71,167
ND,hettinger,159,216
ND,kidder,1198,272
ND,lamoure,164,214
ND,logan,50,182
ND,mchenry,828,271
ND,mcintosh,150,186
ND,mckenzie,1187,247
ND,mclean,823,263
ND,mercer,560,258
ND,morton,1015,264
ND,mountrail,1220,271
ND,nelson,392,234
ND,oliver,182,200
ND,pembina,282,233
ND,pierce,103,190
ND,ramsey,361,254
ND,ransom,661,257
ND,renville,211,238
ND,richland,320,226
ND,rolette,152,210
ND,sargent,109,224
ND,sheridan,171,216
ND,sioux,165,212
ND,slope,376,207
ND,stark,608,247
ND,steele,1816,234
ND,stutsman,1739,283
ND,towner,79,176
ND,traill,656,214
ND,walsh,455,216
ND,ward,3233,288
ND,wells,156,236
ND,williams,1652,244
OH,adams,1032,212
OH,allen,1267,239
OH,ashland,3294,262
OH,ashtabula,5486,294
OH,athens,6019,231
OH,auglaize,1858,267
OH,belmont,774,208
OH,brown,564,214
OH,butler,6097,281
OH,carroll,1551,232
OH,champaign,1059,239
OH,clark,7659,291
OH,clermont,11217,289
OH,clinton,1908,249
OH,columbiana,1474,258
OH,coshocton,705,236
OH,crawford,1146,226
OH,cuyahoga,55192,336
OH,darke,1950,245
OH,defiance,444,229
OH,delaware,15771,299
OH,erie,13898,324
OH,fairfield,3408,253
OH,fayette,689,195
OH,franklin,52288,300
OH,fulton,1050,228
OH,gallia,406,230
OH,geauga,13505,276
OH,greene,8345,265
OH,guernsey,703,220
OH,hamilton,26085,305
OH,hancock,8563,310
OH,hardin,2048,257
OH,harrison,1438,244
OH,henry,901,199
OH,highland,1658,246
OH,hocking,2414,227
OH,holmes,2520,283
OH,huron,2366,216
OH,jackson,314,163
OH,jefferson,3291,214
OH,knox,3621,264
OH,lake,16269,327
OH,lawrence,869,210
OH,licking,6492,265
OH,logan,1394,268
OH,lorain,21040,320
OH,lucas,48617,339
OH,madison,2482,227
OH,mahoning,4622,290
OH,marion,4711,283
OH,medina,6882,254
OH,meigs,449,172
OH,mercer,792,250
OH,miami,3358,217
OH,monroe,891,177
OH,montgomery,17658,295
OH,morgan,967,201
OH,morrow,1723,226
OH,muskingum,2481,250
OH,noble,402,226
OH,ottawa,20934,325
OH,paulding,1037,260
OH,perry,1668,226
OH,pickaway,4231,269
OH,pike,399,216
OH,portage,10476,278
OH,preble,1147,254
OH,putnam,257,174
OH,richland,9223,287
OH,ross,1698,243
OH,sandusky,3488,273
OH,scioto,1512,227
OH,seneca,3392,278
OH,shelby,1392,216
OH,stark,13753,281
OH,summit,20167,291
OH,trumbull,3992,269
OH,tuscarawas,2876,267
OH,union,3774,255
OH,van wert,193,147
OH,vinton,1738,213
OH,warren,7013,282
OH,washington,1220,220
OH,wayne,9305,301
OH,williams,755,233
OH,wood,3499,269
OH,wyandot,5499,287
OK,adair,358,193
OK,alfalfa,1321,272
OK,atoka,147,191
OK,beaver,470,216
OK,beckham,377,182
OK,blaine,310,231
OK,bryan,401,224
OK,caddo,671,211
OK,canadian,3370,273
OK,carter,921,224
OK,cherokee,1088,233
OK,choctaw,157,174
OK,cimarron,2518,304
OK,cleveland,8327,301
OK,coal,51,151
OK,comanche,4153,300
OK,cotton,650,193
OK,craig,138,161
OK,creek,696,208
OK,custer,2078,240
OK,delaware,485,215
OK,dewey,188,192
OK,ellis,360,190
OK,garfield,457,223
OK,garvin,444,173
OK,grady,546,207
OK,grant,207,169
OK,greer,279,203
OK,harmon,254,185
OK,harper,464,189
OK,haskell,71,142
OK,hughes,135,171
OK,jackson,587,217
OK,jefferson,250,202
OK,johnston,750,274
OK,kay,431,220
OK,kingfisher,234,189
OK,kiowa,300,217
OK,latimer,168,163
OK,le flore,1275,217
OK,lincoln,230,183
OK,logan,1460,225
OK,love,227,190
OK,mcclain,674,224
OK,mccurtain,2675,320
OK,mcintosh,212,196
OK,major,182,184
OK,marshall,199,197
OK,mayes,258,210
OK,murray,353,202
OK,muskogee,346,223
OK,noble,615,231
OK,nowata,81,191
OK,okfuskee,68,164
OK,oklahoma,14613,308
OK,okmulgee,286,196
OK,osage,2436,275
OK,ottawa,254,192
OK,pawnee,421,243
OK,payne,9789,285
OK,pittsburg,997,209
OK,pontotoc,138,176
OK,pottawatomie,634,197
OK,pushmataha,199,186
OK,roger mills,250,205
OK,rogers,1336,243
OK,seminole,174,166
OK,sequoyah,553,274
OK,stephens,246,201
OK,texas,1328,259
OK,tillman,1063,264
OK,tulsa,8817,310
OK,wagoner,1907,240
OK,washington,1537,272
OK,washita,301,193
OK,woods,298,176
OK,woodward,4146,243
OR,baker,2431,262
OR,benton,78112,297
OR,clackamas,21294,279
OR,clatsop,11446,363
OR,columbia,6389,248
OR,coos,8769,342
OR,crook,4554,282
OR,curry,6585,373
OR,deschutes,27206,348
OR,douglas,10678,345
OR,gilliam,1344,225
OR,grant,2178,249
OR,harney,14163,350
OR,hood river,3597,247
OR,jackson,24758,313
OR,jefferson,4636,283
OR,josephine,5896,269
OR,klamath,13179,334
OR,lake,8261,307
OR,lane,60537,374
OR,linn,11627,296
OR,lincoln,28468,360
OR,malheur,2310,256
OR,marion,24109,295
OR,morrow,2286,258
OR,multnomah,56273,311
OR,polk,14161,296
OR,sherman,1791,244
OR,tillamook,13240,347
OR,umatilla,4871,291
OR,union,6320,305
OR,wallowa,3882,261
OR,wasco,4903,262
OR,washington,39959,292
OR,wheeler,1557,215
OR,yamhill,4245,230
PA,adams,6979,253
PA,allegheny,85207,277
PA,armstrong,5350,233
PA,beaver,5264,253
PA,bedford,2339,260
PA,berks,23137,321
PA,blair,4601,243
PA,bradford,3312,219
PA,bucks,49140,341
PA,butler,16521,276
PA,cambria,2727,245
PA,cameron,774,203
PA,carbon,5425,272
PA,centre,50758,319
PA,chester,56953,304
PA,clarion,4159,250
PA,clearfield,2517,237
PA,clinton,3814,263
PA,columbia,2217,222
PA,crawford,11024,283
PA,cumberland,22033,309
PA,dauphin,16964,310
PA,delaware,19395,328
PA,elk,1399,215
PA,erie,14027,336
PA,fayette,2744,245
PA,forest,2270,213
PA,franklin,9223,271
PA,fulton,1833,218
PA,greene,2117,201
PA,huntingdon,13078,291
PA,indiana,7928,286
PA,jefferson,1427,210
PA,juniata,2493,250
PA,lackawanna,3998,205
PA,lancaster,39772,339
PA,lawrence,4077,244
PA,lebanon,16296,292
PA,lehigh,21651,284
PA,luzerne,9657,273
PA,lycoming,13785,272
PA,mckean,2409,238
PA,mercer,4323,270
PA,mifflin,2857,237
PA,monroe,12250,257
PA,montgomery,53352,305
PA,montour,3204,258
PA,northampton,13559,307
PA,northumberland,2797,250
PA,perry,3305,235
PA,philadelphia,28061,321
PA,pike,3504,228
PA,potter,2162,210
PA,schuylkill,10844,258
PA,snyder,1735,224
PA,somerset,6661,279
PA,sullivan,1340,208
PA,susquehanna,7117,236
PA,tioga,15204,260
PA,union,1915,235
PA,venango,1586,242
PA,warren,1751,227
PA,washington,7498,242
PA,wayne,3259,213
PA,westmoreland,10142,274
PA,wyoming,1660,220
PA,york,18250,286
RI,bristol,4147,268
RI,kent,3701,237
RI,newport,15012,348
RI,providence,9999,271
RI,washington,19948,369
SC,abbeville,211,140
SC,aiken,11255,248
SC,allendale,648,185
SC,anderson,3925,262
SC,bamberg,90,135
SC,barnwell,765,211
SC,beaufort,14758,326
SC,berkeley,4173,272
SC,calhoun,462,202
SC,charleston,37454,390
SC,cherokee,434,164
SC,chester,294,170
SC,chesterfield,889,194
SC,clarendon,2459,279
SC,colleton,5216,311
SC,darlington,702,177
SC,dillon,210,146
SC,dorchester,3308,232
SC,edgefield,403,148
SC,fairfield,193,170
SC,florence,672,183
SC,georgetown,11287,361
SC,greenville,15828,248
SC,greenwood,1455,180
SC,hampton,790,206
SC,horry,4655,315
SC,jasper,6113,322
SC,kershaw,3522,213
SC,lancaster,267,157
SC,laurens,885,181
SC,lee,348,175
SC,lexington,6418,250
SC,mccormick,687,211
SC,marion,94,161
SC,marlboro,109,173
SC,newberry,373,177
SC,oconee,2419,229
SC,orangeburg,2960,261
SC,pickens,4131,249
SC,richland,8876,263
SC,saluda,208,168
SC,spartanburg,43523,200
SC,sumter,962,203
SC,union,329,158
SC,williamsburg,739,222
SC,york,1962,199
SD,aurora,270,210
SD,beadle,414,204
SD,bennett,191,228
SD,bon homme,240,206
SD,brookings,2784,266
SD,brown,1560,312
SD,brule,407,228
SD,buffalo,255,198
SD,butte,471,230
SD,campbell,89,175
SD,charles mix,1787,277
SD,clark,209,165
SD,clay,1116,254
SD,codington,307,196
SD,corson,53,155
SD,custer,2752,249
SD,davison,273,202
SD,day,547,266
SD,deuel,251,183
SD,dewey,65,153
SD,douglas,1700,240
SD,edmunds,315,235
SD,fall river,595,224
SD,faulk,122,187
SD,grant,383,223
SD,gregory,297,197
SD,haakon,184,165
SD,hamlin,157,160
SD,hand,202,229
SD,hanson,135,172
SD,harding,357,220
SD,hughes,1106,316
SD,hutchinson,349,203
SD,hyde,148,200
SD,jackson,1107,249
SD,jerauld,79,168
SD,jones,320,211
SD,kingsbury,1167,197
SD,lake,612,220
SD,lawrence,1625,232
SD,lincoln,1197,258
SD,lyman,901,232
SD,mccook,286,203
SD,mcpherson,1011,248
SD,marshall,313,244
SD,meade,1382,277
SD,mellette,80,153
SD,miner,191,131
SD,minnehaha,6686,279
SD,moody,224,167
SD,pennington,7636,293
SD,perkins,189,219
SD,potter,112,196
SD,roberts,2046,251
SD,sanborn,89,156
SD,shannon,78,149
SD,spink,162,200
SD,stanley,933,282
SD,sully,318,255
SD,todd,71,130
SD,tripp,65,149
SD,turner,210,186
SD,union,380,239
SD,walworth,202,249
SD,yankton,1880,272
SD,ziebach,39,114
TN,anderson,3922,249
TN,bedford,819,179
TN,benton,381,240
TN,bledsoe,698,193
TN,blount,6921,272
TN,bradley,1433,204
TN,campbell,1543,227
TN,cannon,209,159
TN,carroll,227,203
TN,carter,4408,249
TN,cheatham,686,195
TN,chester,86,148
TN,claiborne,219,150
TN,clay,606,172
TN,cocke,1623,254
TN,coffee,1337,228
TN,crockett,213,176
TN,cumberland,3150,235
TN,davidson,22379,300
TN,decatur,284,224
TN,dekalb,1228,226
TN,dickson,969,195
TN,dyer,864,300
TN,fayette,957,227
TN,fentress,311,164
TN,franklin,1186,241
TN,gibson,831,279
TN,giles,263,142
TN,grainger,443,176
TN,greene,1843,228
TN,grundy,283,173
TN,hamblen,2678,208
TN,hamilton,14398,311
TN,hancock,69,121
TN,hardeman,295,177
TN,hardin,863,287
TN,hawkins,2624,241
TN,haywood,834,246
TN,henderson,523,185
TN,henry,2344,304
TN,hickman,377,169
TN,houston,137,145
TN,humphreys,1703,297
TN,jackson,330,161
TN,jefferson,1050,216
TN,johnson,680,207
TN,knox,24043,278
TN,lake,1734,333
TN,lauderdale,555,273
TN,lawrence,538,243
TN,lewis,3849,215
TN,lincoln,1032,228
TN,loudon,1223,205
TN,mcminn,553,168
TN,mcnairy,328,178
TN,macon,89,143
TN,madison,1682,226
TN,marion,1357,241
TN,marshall,339,165
TN,maury,794,236
TN,meigs,1633,209
TN,monroe,826,209
TN,montgomery,11856,259
TN,moore,228,147
TN,morgan,705,174
TN,obion,837,295
TN,overton,251,190
TN,perry,1212,254
TN,pickett,133,161
TN,polk,4414,225
TN,putnam,4902,258
TN,rhea,606,203
TN,roane,2396,256
TN,robertson,375,163
TN,rutherford,7410,261
TN,scott,812,206
TN,sequatchie,262,156
TN,sevier,5884,235
TN,shelby,15988,343
TN,smith,518,188
TN,stewart,2123,277
TN,sullivan,9755,278
TN,sumner,1356,258
TN,tipton,871,246
TN,trousdale,96,143
TN,unicoi,979,192
TN,union,783,186
TN,van buren,288,183
TN,warren,1597,229
TN,washington,11680,265
TN,wayne,163,157
TN,weakley,344,191
TN,white,736,228
TN,williamson,3049,220
TN,wilson,2964,213
TX,anderson,574,227
TX,andrews,323,213
TX,angelina,878,241
TX,aransas,18044,411
TX,archer,518,260
TX,armstrong,220,162
TX,atascosa,1169,252
TX,austin,2199,271
TX,bailey,1109,272
TX,bandera,6551,300
TX,bastrop,6669,351
TX,baylor,367,225
TX,bee,2527,251
TX,bell,5277,351
TX,bexar,36399,408
TX,blanco,4975,289
TX,borden,142,176
TX,bosque,907,253
TX,bowie,1364,233
TX,brazoria,20109,415
TX,brazos,12219,316
TX,brewster,17504,395
TX,briscoe,979,234
TX,brooks,1384,256
TX,brown,717,237
TX,burleson,1019,254
TX,burnet,5279,318
TX,caldwell,2749,262
TX,calhoun,3767,412
TX,callahan,410,200
TX,cameron,47366,446
TX,camp,742,211
TX,carson,658,155
TX,cass,635,236
TX,castro,207,153
TX,chambers,21696,361
TX,cherokee,556,213
TX,childress,249,181
TX,clay,822,244
TX,cochran,289,185
TX,coke,263,213
TX,coleman,978,253
TX,collin,16653,303
TX,collingsworth,149,164
TX,colorado,3647,306
TX,comal,7839,321
TX,comanche,308,193
TX,concho,315,221
TX,cooke,783,250
TX,coryell,2487,299
TX,cottle,181,160
TX,crane,131,136
TX,crockett,815,209
TX,crosby,2274,299
TX,culberson,2920,299
TX,dallam,474,201
TX,dallas,25915,350
TX,dawson,385,190
TX,deaf smith,195,142
TX,delta,353,304
TX,denton,11424,327
TX,dewitt,3575,316
TX,dickens,235,217
TX,dimmit,449,231
TX,donley,452,232
TX,duval,560,232
TX,eastland,366,200
TX,ector,374,214
TX,edwards,2200,235
TX,ellis,3406,279
TX,el paso,4891,362
TX,erath,945,220
TX,falls,506,206
TX,fannin,922,244
TX,fayette,2048,282
TX,fisher,210,169
TX,floyd,826,227
TX,foard,388,183
TX,fort bend,13320,343
TX,franklin,983,220
TX,freestone,871,283
TX,frio,748,238
TX,gaines,167,144
TX,galveston,52720,412
TX,galveston,52720,412
TX,garza,439,204
TX,gillespie,2014,250
TX,glasscock,212,148
TX,goliad,953,301
TX,gonzales,2212,286
TX,gray,492,225
TX,grayson,9681,347
TX,gregg,1800,290
TX,grimes,1063,265
TX,guadalupe,16484,328
TX,hale,3392,255
TX,hall,655,160
TX,hamilton,427,204
TX,hansford,312,221
TX,hardeman,683,240
TX,hardin,2528,257
TX,harris,91744,400
TX,harrison,2083,279
TX,hartley,330,220
TX,haskell,197,206
TX,hays,9211,324
TX,hemphill,278,221
TX,henderson,8266,265
TX,hidalgo,60691,419
TX,hill,1527,232
TX,hockley,993,233
TX,hood,854,245
TX,hopkins,501,225
TX,houston,550,221
TX,howard,651,224
TX,hudspeth,2385,305
TX,hunt,2752,330
TX,hutchinson,1566,246
TX,irion,127,162
TX,jack,459,216
TX,jackson,1419,319
TX,jasper,1558,261
TX,jeff davis,9944,328
TX,jefferson,50139,372
TX,jim hogg,1587,221
TX,jim wells,1201,290
TX,johnson,2632,275
TX,jones,356,225
TX,karnes,758,289
TX,kaufman,1451,281
TX,kendall,5655,313
TX,kenedy,3061,374
TX,kent,158,151
TX,kerr,5302,311
TX,kimble,4904,315
TX,king,160,143
TX,kinney,1174,287
TX,kleberg,7945,388
TX,knox,315,202
TX,lamar,688,231
TX,lamb,462,190
TX,lampasas,1824,274
TX,la salle,1103,262
TX,lavaca,711,250
TX,lee,1083,255
TX,leon,653,218
TX,liberty,2176,282
TX,limestone,389,216
TX,lipscomb,117,129
TX,live oak,2299,322
TX,llano,1892,296
TX,loving,115,169
TX,lubbock,7879,354
TX,lynn,1275,247
TX,mcculloch,486,227
TX,mclennan,4016,286
TX,mcmullen,1954,334
TX,madison,524,223
TX,marion,1073,261
TX,martin,352,176
TX,mason,622,234
TX,matagorda,4377,384
TX,maverick,403,204
TX,medina,1678,285
TX,menard,411,202
TX,midland,4796,337
TX,milam,1316,246
TX,mills,418,181
TX,mitchell,648,250
TX,montague,372,214
TX,montgomery,12979,296
TX,moore,625,233
TX,morris,1753,231
TX,motley,248,198
TX,nacogdoches,2214,272
TX,navarro,1275,276
TX,newton,250,183
TX,nolan,374,210
TX,nueces,34899,439
TX,ochiltree,225,204
TX,oldham,242,167
TX,orange,1189,266
TX,palo pinto,2467,265
TX,panola,660,228
TX,parker,1456,261
TX,parmer,308,207
TX,pecos,1144,285
TX,polk,1102,248
TX,potter,1473,283
TX,presidio,1431,276
TX,rains,2515,318
TX,randall,6181,330
TX,reagan,183,131
TX,real,1963,251
TX,red river,443,204
TX,reeves,2492,329
TX,refugio,3302,350
TX,roberts,171,155
TX,robertson,973,247
TX,rockwall,776,230
TX,runnels,223,206
TX,rusk,1203,264
TX,sabine,607,216
TX,san augustine,283,218
TX,san jacinto,947,235
TX,san patricio,5172,377
TX,san saba,2072,273
TX,schleicher,252,216
TX,scurry,375,213
TX,shackelford,252,207
TX,shelby,817,213
TX,sherman,173,136
TX,smith,5085,298
TX,somervell,2894,245
TX,starr,8398,354
TX,stephens,337,219
TX,sterling,162,159
TX,stonewall,169,159
TX,sutton,551,193
TX,swisher,713,206
TX,tarrant,30430,380
TX,taylor,2319,300
TX,terrell,691,271
TX,terry,271,190
TX,throckmorton,652,244
TX,titus,747,253
TX,tom green,5120,317
TX,travis,76474,402
TX,trinity,521,221
TX,tyler,1222,226
TX,upshur,1211,238
TX,upton,196,151
TX,uvalde,4843,335
TX,val verde,2359,326
TX,van zandt,6299,328
TX,victoria,2289,335
TX,walker,1524,257
TX,waller,5659,315
TX,ward,426,207
TX,washington,1106,265
TX,webb,4832,335
TX,wharton,1127,274
TX,wheeler,208,154
TX,wichita,1779,298
TX,wilbarger,2195,266
TX,willacy,2295,344
TX,williamson,26272,376
TX,wilson,3011,284
TX,winkler,151,146
TX,wise,1813,258
TX,wood,1295,268
TX,yoakum,225,173
TX,young,875,228
TX,zapata,2779,299
TX,zavala,376,239
UT,beaver,932,249
UT,box elder,8671,311
UT,cache,18022,316
UT,carbon,568,227
UT,daggett,546,216
UT,davis,20086,336
UT,duchesne,1989,267
UT,emery,829,238
UT,garfield,4134,264
UT,grand,6040,274
UT,iron,2886,289
UT,juab,2248,309
UT,kane,1669,264
UT,millard,1619,277
UT,morgan,3387,264
UT,piute,386,215
UT,rich,1242,253
UT,salt lake,35609,328
UT,san juan,3269,259
UT,sanpete,806,232
UT,sevier,721,230
UT,summit,5919,270
UT,tooele,2962,262
UT,uintah,3813,287
UT,utah,29166,331
UT,wasatch,4336,267
UT,washington,18002,383
UT,wayne,1394,255
UT,weber,4980,307
VT,addison,45566,321
VT,bennington,11146,265
VT,caledonia,3886,226
VT,chittenden,38221,322
VT,essex,4669,216
VT,franklin,10724,289
VT,grand isle,4130,299
VT,lamoille,9797,220
VT,orange,7438,255
VT,orleans,7004,252
VT,rutland,23188,281
VT,washington,14943,258
VT,windham,16768,287
VT,windsor,31420,294
VA,accomack,19155,383
VA,accomack,19155,383
VA,albemarle,14225,255
VA,alleghany,524,181
VA,amelia,554,166
VA,amherst,1842,221
VA,appomattox,1782,184
VA,arlington,8223,235
VA,augusta,9643,268
VA,bath,663,206
VA,bedford,3155,232
VA,bland,215,140
VA,botetourt,4266,266
VA,brunswick,180,130
VA,buchanan,738,174
VA,buckingham,1561,199
VA,campbell,687,183
VA,caroline,711,189
VA,carroll,817,183
VA,charles city,1968,246
VA,charlotte,547,180
VA,chesterfield,10160,253
VA,clarke,3399,241
VA,craig,396,169
VA,culpeper,2745,229
VA,cumberland,658,172
VA,dickenson,781,159
VA,dinwiddie,475,171
VA,essex,496,189
VA,fairfax,74249,303
VA,fauquier,12140,277
VA,floyd,2120,172
VA,fluvanna,2501,197
VA,franklin,3310,200
VA,frederick,3160,229
VA,giles,1144,183
VA,gloucester,4319,262
VA,goochland,780,170
VA,grayson,1316,200
VA,greene,1479,195
VA,greensville,218,148
VA,halifax,3160,244
VA,hanover,1830,197
VA,henrico,9452,249
VA,henry,389,147
VA,highland,2397,221
VA,isle of wight,1572,239
VA,james city,12036,309
VA,king and queen,557,184
VA,king george,2844,253
VA,king william,1265,238
VA,lancaster,1103,213
VA,lee,314,137
VA,loudoun,11695,272
VA,louisa,2024,217
VA,lunenburg,555,163
VA,madison,2023,188
VA,mathews,1372,249
VA,mecklenburg,3414,261
VA,middlesex,430,183
VA,montgomery,14235,245
VA,suffolk,2933,262
VA,nelson,1619,201
VA,new kent,1059,193
VA,northampton,12627,412
VA,northumberland,1125,239
VA,nottoway,550,141
VA,orange,979,208
VA,page,1844,211
VA,patrick,1816,185
VA,pittsylvania,1725,178
VA,powhatan,2701,195
VA,prince edward,6899,243
VA,prince george,1089,204
VA,prince william,19662,301
VA,pulaski,4259,245
VA,rappahannock,847,204
VA,richmond,965,226
VA,roanoke,3681,228
VA,rockbridge,3096,243
VA,rockingham,19776,279
VA,russell,516,199
VA,scott,141,134
VA,shenandoah,5461,230
VA,smyth,554,202
VA,southampton,453,158
VA,spotsylvania,1242,202
VA,stafford,1624,213
VA,surry,1189,270
VA,sussex,1286,157
VA,tazewell,1315,216
VA,warren,1892,211
VA,washington,845,220
VA,westmoreland,1962,257
VA,wise,843,173
VA,wythe,804,212
VA,york,4312,259
VA,hampton,NA,NA
VA,newport news,NA,NA
VA,norfolk,NA,NA
VA,virginia beach,23804,375
WA,adams,3493,282
WA,asotin,1901,262
WA,benton,3493,301
WA,chelan,15192,279
WA,clallam,24829,370
WA,clark,14431,289
WA,columbia,912,232
WA,cowlitz,4361,261
WA,douglas,4953,273
WA,ferry,2347,234
WA,franklin,1979,274
WA,garfield,715,223
WA,grant,10105,315
WA,grays harbor,14488,357
WA,island,11822,285
WA,jefferson,14714,294
WA,king,120426,338
WA,kitsap,22170,318
WA,kittitas,11475,287
WA,klickitat,5488,285
WA,lewis,5177,249
WA,lincoln,5034,309
WA,mason,4947,240
WA,okanogan,9520,291
WA,pacific,5934,323
WA,pend oreille,3912,254
WA,pierce,36675,313
WA,pierce,36675,313
WA,san juan,18181,263
WA,san juan,18181,263
WA,san juan,18181,263
WA,skagit,43731,358
WA,skamania,2521,242
WA,snohomish,32025,333
WA,spokane,17661,283
WA,stevens,7049,264
WA,thurston,28275,310
WA,wahkiakum,2227,233
WA,walla walla,10965,330
WA,whatcom,24544,322
WA,whitman,4310,265
WA,yakima,21405,313
WV,barbour,967,231
WV,berkeley,2161,267
WV,boone,49,107
WV,braxton,280,185
WV,brooke,226,222
WV,cabell,1620,292
WV,calhoun,46,116
WV,clay,56,154
WV,doddridge,183,117
WV,fayette,5155,226
WV,gilmer,131,150
WV,grant,1691,250
WV,greenbrier,715,241
WV,hampshire,1233,193
WV,hancock,253,200
WV,hardy,2065,246
WV,harrison,765,187
WV,jackson,215,184
WV,jefferson,7877,272
WV,kanawha,8128,279
WV,lewis,1374,231
WV,lincoln,51,141
WV,logan,105,112
WV,mcdowell,30,104
WV,marion,3216,223
WV,marshall,264,164
WV,mason,932,298
WV,mercer,1146,245
WV,mineral,1308,199
WV,mingo,137,108
WV,monongalia,12018,276
WV,monroe,342,208
WV,morgan,662,178
WV,nicholas,517,219
WV,ohio,502,253
WV,pendleton,1374,224
WV,pleasants,310,209
WV,pocahontas,2926,246
WV,preston,7418,267
WV,putnam,1279,237
WV,raleigh,857,236
WV,randolph,3524,245
WV,ritchie,1584,185
WV,roane,78,107
WV,summers,1529,246
WV,taylor,1360,219
WV,tucker,3181,252
WV,tyler,92,132
WV,upshur,186,178
WV,wayne,774,238
WV,webster,58,150
WV,wetzel,1403,241
WV,wirt,21,84
WV,wood,1344,272
WV,wyoming,88,135
WI,adams,2142,272
WI,ashland,7261,300
WI,barron,2655,235
WI,bayfield,10460,317
WI,brown,16888,318
WI,buffalo,1330,253
WI,burnett,4811,296
WI,calumet,3162,260
WI,chippewa,7384,281
WI,clark,2809,237
WI,columbia,11421,306
WI,crawford,3751,250
WI,dane,84833,341
WI,dodge,14382,307
WI,door,12393,299
WI,douglas,22399,313
WI,dunn,4860,281
WI,eau claire,6695,270
WI,florence,13293,244
WI,fond du lac,7962,296
WI,forest,4308,223
WI,grant,9458,284
WI,green,2738,243
WI,green lake,4293,277
WI,iowa,9939,278
WI,iron,1653,233
WI,jackson,1602,239
WI,jefferson,11463,301
WI,juneau,3310,257
WI,kenosha,5306,292
WI,kewaunee,4092,283
WI,la crosse,11198,296
WI,lafayette,2032,266
WI,langlade,2352,233
WI,lincoln,2289,229
WI,manitowoc,21220,323
WI,marathon,10972,302
WI,marinette,14233,271
WI,marquette,1583,256
WI,milwaukee,59489,332
WI,monroe,3708,260
WI,oconto,3781,265
WI,oneida,5145,266
WI,outagamie,9203,295
WI,ozaukee,24075,323
WI,pepin,552,230
WI,pierce,1761,247
WI,polk,10041,258
WI,portage,8565,300
WI,price,1584,228
WI,racine,13855,319
WI,richland,4147,244
WI,rock,9789,299
WI,rusk,1243,216
WI,st. croix,3628,278
WI,sauk,12343,295
WI,sawyer,3290,235
WI,shawano,2204,240
WI,sheboygan,9708,317
WI,taylor,1031,229
WI,trempealeau,2993,267
WI,vernon,8176,268
WI,vilas,6434,262
WI,walworth,6482,285
WI,washburn,2535,234
WI,washington,6504,268
WI,waukesha,20158,301
WI,waupaca,2278,245
WI,waushara,1963,240
WI,winnebago,9420,295
WI,wood,2085,251
WY,albany,6837,325
WY,big horn,889,231
WY,campbell,512,231
WY,carbon,1489,271
WY,converse,716,223
WY,crook,1509,257
WY,fremont,6462,296
WY,goshen,493,256
WY,hot springs,463,182
WY,johnson,672,236
WY,laramie,9365,314
WY,lincoln,863,244
WY,natrona,4155,302
WY,niobrara,116,117
WY,park,7358,260
WY,platte,685,236
WY,sheridan,1554,241
WY,sublette,973,214
WY,sweetwater,2107,266
WY,teton,11630,265
WY,uinta,1117,238
WY,washakie,1563,201
WY,weston,252,183
NM,valencia,4088,281
AZ,la paz,8489,343
WI,menominee,400,181
CO,broomfield,4339,255
DC,district of columbia,NA,172
VA,alexandria,NA,252
VA,bristol,NA,166
VA,buena vista,NA,150
VA,charlottesville,NA,207
VA,chesapeake,NA,244
VA,colonial heights,NA,153
VA,covington,NA,117
VA,danville,NA,192
VA,emporia,NA,120
VA,fairfax city,NA,167
VA,falls church,NA,126
VA,franklin city,NA,140
VA,fredericksburg,NA,181
VA,galax,NA,96
VA,hampton,NA,283
VA,harrisonburg,NA,197
VA,hopewell,NA,180
VA,lexington,NA,127
VA,lynchburg,NA,209
VA,manassas,NA,165
VA,manassas park,NA,94
VA,martinsville,NA,124
VA,newport news,NA,252
VA,norfolk,NA,290
VA,norton,NA,94
VA,petersburg,NA,141
VA,poquoson,NA,214
VA,portsmouth,NA,298
VA,radford,NA,230
VA,richmond city,NA,229
VA,roanoke city,NA,254
VA,salem,NA,180
VA,staunton,NA,226
VA,waynesboro,NA,193
VA,williamsburg,NA,212
VA,winchester,NA,165
